Open,High,Low,Close,Volume,Dividends,Stock Splits,EMA12,EMA26,MACD,Date
979.6537665910619,989.4503042569725,911.0780029296875,911.0780029296875,1269113,0.0,0.0,911.0780029296875,911.0780029296875,0.0,2023-07-26 00:00:00
911.0780231693248,963.9793277404468,911.0780231693248,945.3659057617188,1012160,0.0,0.0,916.3530649038462,913.6178475839121,2.7352173199341223,2023-07-27 00:00:00
947.3251878287924,975.7351469260365,931.6507276372095,974.7554931640625,835449,0.0,0.0,925.3380538669563,918.1465620713305,7.19149179562578,2023-07-28 00:00:00
989.450284971468,994.3485537089506,956.1420575565869,962.9996337890625,850139,0.0,0.0,931.1321430857419,921.4690118281995,9.663131257542318,2023-07-31 00:00:00
975.0,982.0,957.0,957.0,480151,20.000362,0.0,935.1118133802431,924.1009368779626,11.010876502280553,2023-08-01 00:00:00
978.0,993.0,952.0,953.0,882270,0.0,0.0,937.8638420909749,926.2416082203357,11.622233870639207,2023-08-02 00:00:00
960.0,984.0,939.0,975.0,536367,0.0,0.0,943.5770971539018,929.8533409447552,13.723756209146586,2023-08-04 00:00:00
983.0,984.0,960.0,977.0,355060,0.0,0.0,948.7190822071477,933.3456860599586,15.373396147189169,2023-08-07 00:00:00
978.0,978.0,938.0,942.0,459406,0.0,0.0,947.6853772522019,933.9867463518135,13.698630900388366,2023-08-08 00:00:00
939.0,960.0,939.0,954.0,288272,0.0,0.0,948.65685767494,935.4692095850124,13.18764808992762,2023-08-09 00:00:00
940.0,940.0,861.0,863.0,1383281,0.0,0.0,935.4788795711031,930.1011199861227,5.377759584980367,2023-08-10 00:00:00
870.0,885.0,841.0,848.0,1300356,0.0,0.0,922.020590406318,924.0195555427063,-1.9989651363882786,2023-08-11 00:00:00
841.0,854.0,836.0,850.0,475073,0.0,0.0,910.9404995745767,918.5366255025058,-7.596125927929052,2023-08-14 00:00:00
860.0,874.0,846.0,872.0,511257,0.0,0.0,904.9496534861803,915.0894680578757,-10.13981457169541,2023-08-15 00:00:00
859.0,882.0,854.0,878.0,456123,0.0,0.0,900.8035529498449,912.3421000535886,-11.538547103743781,2023-08-16 00:00:00
877.0,902.0,869.0,902.0,388368,0.0,0.0,900.9876217267918,911.5760185681376,-10.588396841345798,2023-08-17 00:00:00
909.0,909.0,897.0,900.0,346090,0.0,0.0,900.8356799226699,910.7185357112385,-9.882855788568577,2023-08-18 00:00:00
905.0,915.0,892.0,905.0,256051,0.0,0.0,901.4763445499514,910.294940473369,-8.81859592341766,2023-08-21 00:00:00
914.0,914.0,887.0,896.0,385022,0.0,0.0,900.6338300038051,909.2360559938602,-8.602225990055103,2023-08-22 00:00:00
898.0,907.0,888.0,892.0,200313,0.0,0.0,899.3055484647582,907.9593111054262,-8.653762640667992,2023-08-23 00:00:00
907.0,932.0,901.0,918.0,497105,0.0,0.0,902.1816179317184,908.7030658383576,-6.521447906639196,2023-08-24 00:00:00
914.0,914.0,870.0,870.0,482462,0.0,0.0,897.230599788377,905.8361720725534,-8.605572284176333,2023-08-25 00:00:00
879.0,938.0,879.0,934.0,943499,0.0,0.0,902.8874305901652,907.9223815486606,-5.034950958495415,2023-08-28 00:00:00
934.0,996.0,927.0,968.0,1625232,0.0,0.0,912.9047489609089,912.372575508019,0.5321734528898787,2023-08-29 00:00:00
991.0,1000.0,962.0,965.0,964402,0.0,0.0,920.9194029669229,916.2709032481658,4.64849971875708,2023-08-30 00:00:00
979.0,988.0,969.0,983.0,762489,0.0,0.0,930.4702640489347,921.2137993038572,9.256464745077551,2023-08-31 00:00:00
989.0,1010.0,980.0,981.0,709063,0.0,0.0,938.2440695798679,925.6424067628307,12.601662817037209,2023-09-01 00:00:00
990.0,993.0,972.0,984.0,360114,0.0,0.0,945.2834434906574,929.9651914470654,15.318252043591997,2023-09-04 00:00:00
986.0,1040.0,986.0,1030.0,1086509,0.0,0.0,958.3167598767101,937.3751772658013,20.941582610908767,2023-09-05 00:00:00
1030.0,1055.0,1025.0,1025.0,605929,0.0,0.0,968.5757198956778,943.865904875742,24.70981501993583,2023-09-06 00:00:00
1025.0,1055.0,1015.0,1030.0,682017,0.0,0.0,978.0256091424966,950.2462082182797,27.77940092421693,2023-09-07 00:00:00
1035.0,1050.0,999.0,1035.0,779078,0.0,0.0,986.7909000436509,956.5242668687774,30.266633174873505,2023-09-08 00:00:00
1045.0,1055.0,1005.0,1005.0,855101,0.0,0.0,989.5923000369354,960.1150619155346,29.477238121400774,2023-09-11 00:00:00
1020.0,1025.0,999.0,1005.0,420829,0.0,0.0,991.9627154158684,963.4398721440135,28.522843271854867,2023-09-12 00:00:00
1015.0,1055.0,1015.0,1045.0,925145,0.0,0.0,1000.1222976595809,969.4813630963088,30.64093456327214,2023-09-13 00:00:00
1060.0,1115.0,1060.0,1105.0,1456846,0.0,0.0,1016.2573287888762,979.5197806447303,36.737548144145876,2023-09-14 00:00:00
1215.0,1215.0,1175.0,1200.0,2403753,0.0,0.0,1044.525432052126,995.8516487451207,48.67378330700535,2023-09-15 00:00:00
1190.0,1310.0,1185.0,1265.0,2489903,0.0,0.0,1078.444596351799,1015.7885636528895,62.656032698909485,2023-09-18 00:00:00
1265.0,1285.0,1220.0,1235.0,1818608,0.0,0.0,1102.5300430669067,1032.0264478267495,70.50359524015721,2023-09-19 00:00:00
1215.0,1235.0,1155.0,1165.0,1449699,0.0,0.0,1112.140805671998,1041.8763405803236,70.26446509167431,2023-09-20 00:00:00
1160.0,1175.0,1105.0,1115.0,1424536,0.0,0.0,1112.5806817224598,1047.292907944744,65.28777377771576,2023-09-21 00:00:00
1095.0,1190.0,1085.0,1185.0,1715203,0.0,0.0,1123.7221153036198,1057.4934332821704,66.22868202144946,2023-09-22 00:00:00
1180.0,1215.0,1155.0,1200.0,1420394,0.0,0.0,1135.4571744876782,1068.0494752612688,67.40769922640948,2023-09-25 00:00:00
1210.0,1210.0,1155.0,1160.0,773448,0.0,0.0,1139.2329937972663,1074.8606252419156,64.3723685553507,2023-09-26 00:00:00
1155.0,1170.0,1140.0,1170.0,633363,0.0,0.0,1143.9663793669176,1081.9079863351071,62.05839303181051,2023-09-27 00:00:00
1185.0,1210.0,1155.0,1155.0,815261,0.0,0.0,1145.663859464315,1087.3222095695437,58.34164989477131,2023-09-28 00:00:00
1170.0,1200.0,1120.0,1135.0,1174228,0.0,0.0,1144.0232657005743,1090.8538977495775,53.16936795099673,2023-10-02 00:00:00
1140.0,1175.0,1130.0,1165.0,1239239,0.0,0.0,1147.2504555927935,1096.3462016199792,50.90425397281433,2023-10-03 00:00:00
1155.0,1235.0,1135.0,1235.0,2057495,0.0,0.0,1160.7503855015943,1106.6168533518326,54.13353214976178,2023-10-04 00:00:00
1250.0,1300.0,1220.0,1290.0,2602423,0.0,0.0,1180.6349415782722,1120.200790140586,60.434151437686296,2023-10-05 00:00:00
1295.0,1295.0,1240.0,1250.0,1060398,0.0,0.0,1191.3064890277687,1129.8155464264685,61.490942601300276,2023-10-06 00:00:00
1300.0,1315.0,1250.0,1280.0,1824219,0.0,0.0,1204.9516445619581,1140.9403207652485,64.01132379670958,2023-10-11 00:00:00
1290.0,1295.0,1220.0,1250.0,1356228,0.0,0.0,1211.8821607831953,1149.0188155233784,62.863345259816924,2023-10-12 00:00:00
1235.0,1265.0,1215.0,1235.0,1124036,0.0,0.0,1215.4387514319344,1155.3877921512762,60.05095928065816,2023-10-13 00:00:00
1235.0,1235.0,1190.0,1200.0,968122,0.0,0.0,1213.0635589039443,1158.6924001400707,54.37115876387361,2023-10-16 00:00:00
1225.0,1250.0,1200.0,1200.0,806149,0.0,0.0,1211.0537806110297,1161.7522223519175,49.3015582591122,2023-10-17 00:00:00
1205.0,1245.0,1200.0,1210.0,1214140,0.0,0.0,1210.891660517025,1165.326131807331,45.565528709694036,2023-10-18 00:00:00
1210.0,1235.0,1175.0,1230.0,826343,0.0,0.0,1213.8314050528672,1170.1167887104916,43.71461634237562,2023-10-19 00:00:00
1235.0,1280.0,1220.0,1265.0,2293501,0.0,0.0,1221.7034965831951,1177.1451747319368,44.55832185125837,2023-10-20 00:00:00
1250.0,1280.0,1200.0,1210.0,1307335,0.0,0.0,1219.9029586473189,1179.578865492534,40.324093154784805,2023-10-23 00:00:00
1235.0,1280.0,1230.0,1270.0,1785403,0.0,0.0,1227.6101957785006,1186.276727307902,41.33346847059852,2023-10-24 00:00:00
1285.0,1395.0,1260.0,1325.0,3204622,0.0,0.0,1242.5932425818082,1196.5525252850944,46.040717296713865,2023-10-25 00:00:00
1280.0,1305.0,1240.0,1240.0,1784553,0.0,0.0,1242.194282184607,1199.7708567454579,42.423425439149014,2023-10-26 00:00:00
1250.0,1290.0,1240.0,1270.0,1269055,0.0,0.0,1246.4720849254368,1204.9730155050536,41.499069420383194,2023-10-27 00:00:00
1275.0,1390.0,1270.0,1345.0,2416388,0.0,0.0,1261.6302257061388,1215.3453847269013,46.284840979237515,2023-10-30 00:00:00
1350.0,1395.0,1300.0,1315.0,1813088,0.0,0.0,1269.8409602128868,1222.7272080804642,47.11375213242263,2023-10-31 00:00:00
1355.0,1360.0,1280.0,1310.0,1231103,0.0,0.0,1276.0192740262887,1229.191859333763,46.827414692525736,2023-11-01 00:00:00
1365.0,1365.0,1305.0,1315.0,1472323,0.0,0.0,1282.016308791475,1235.5480179016324,46.46829088984259,2023-11-02 00:00:00
1325.0,1335.0,1230.0,1235.0,1892524,0.0,0.0,1274.7830305158634,1235.507423982993,39.27560653287037,2023-11-03 00:00:00
1250.0,1320.0,1245.0,1310.0,1380248,0.0,0.0,1280.2010258211153,1241.0253925768454,39.175633244269875,2023-11-06 00:00:00
1300.0,1355.0,1290.0,1350.0,1212279,0.0,0.0,1290.9393295409436,1249.0975857193014,41.84174382164224,2023-11-07 00:00:00
1360.0,1375.0,1325.0,1370.0,1071166,0.0,0.0,1303.1025096115677,1258.0533201104643,45.049189501103456,2023-11-08 00:00:00
1380.0,1420.0,1345.0,1360.0,2111425,0.0,0.0,1311.8559696713266,1265.6049260282075,46.25104364311915,2023-11-09 00:00:00
1355.0,1390.0,1340.0,1390.0,1079350,0.0,0.0,1323.8781281834301,1274.819375952044,49.05875223138605,2023-11-10 00:00:00
1420.0,1460.0,1405.0,1445.0,1560340,0.0,0.0,1342.5122623090563,1287.4253481037445,55.086914205311814,2023-11-13 00:00:00
1455.0,1585.0,1455.0,1540.0,2379891,0.0,0.0,1372.894991184586,1306.1345815775412,66.76040960704472,2023-11-14 00:00:00
1585.0,1600.0,1480.0,1500.0,1648304,0.0,0.0,1392.4496079254188,1320.4949829421678,71.95462498325105,2023-11-15 00:00:00
1515.0,1550.0,1475.0,1550.0,1030682,0.0,0.0,1416.6881297830469,1337.4953545760814,79.1927752069655,2023-11-16 00:00:00
1565.0,1580.0,1515.0,1525.0,1066160,0.0,0.0,1433.351494431809,1351.3845875704458,81.96690686136321,2023-11-17 00:00:00
1525.0,1540.0,1480.0,1490.0,884084,0.0,0.0,1442.0666491346076,1361.652395898561,80.41425323604653,2023-11-20 00:00:00
1505.0,1510.0,1480.0,1495.0,773132,0.0,0.0,1450.210241575437,1371.5299962023712,78.68024537306587,2023-11-21 00:00:00
1480.0,1500.0,1465.0,1495.0,795238,0.0,0.0,1457.1009736407543,1380.675922409603,76.42505123115143,2023-11-22 00:00:00
1510.0,1550.0,1495.0,1505.0,1101120,0.0,0.0,1464.4700546190998,1389.885113342225,74.58494127687482,2023-11-23 00:00:00
1510.0,1530.0,1450.0,1450.0,882392,0.0,0.0,1462.2438923700074,1394.3380679094676,67.90582446053986,2023-11-24 00:00:00
1465.0,1475.0,1420.0,1425.0,729487,0.0,0.0,1456.5140627746216,1396.6093221383958,59.904740636225824,2023-11-27 00:00:00
1475.0,1515.0,1445.0,1490.0,1313367,0.0,0.0,1461.66574542468,1403.5271501281443,58.13859529653564,2023-11-28 00:00:00
1485.0,1515.0,1435.0,1455.0,1512324,0.0,0.0,1460.6402461285752,1407.339953822356,53.30029230621926,2023-11-29 00:00:00
1465.0,1470.0,1425.0,1440.0,881110,0.0,0.0,1457.4648236472558,1409.7592165021815,47.70560714507428,2023-11-30 00:00:00
1490.0,1535.0,1480.0,1515.0,2238430,0.0,0.0,1466.3163892399857,1417.5548300946125,48.76155914537321,2023-12-01 00:00:00
1530.0,1540.0,1465.0,1470.0,1245125,0.0,0.0,1466.8830985876803,1421.4396574950117,45.443441092668536,2023-12-04 00:00:00
1450.0,1475.0,1435.0,1435.0,683193,0.0,0.0,1461.9780064972679,1422.444127310196,39.53387918707176,2023-12-05 00:00:00
1455.0,1490.0,1440.0,1470.0,645138,0.0,0.0,1463.2121593438421,1425.9667845464778,37.24537479736432,2023-12-06 00:00:00
1470.0,1510.0,1420.0,1505.0,1560345,0.0,0.0,1469.6410579063281,1431.8210968022943,37.81996110403384,2023-12-07 00:00:00
1550.0,1605.0,1540.0,1570.0,2130570,0.0,0.0,1485.0808951515082,1442.0565711132353,43.02432403827288,2023-12-08 00:00:00
1570.0,1595.0,1530.0,1550.0,719316,0.0,0.0,1495.0684497435839,1450.052380660403,45.01606908318081,2023-12-11 00:00:00
1580.0,1615.0,1570.0,1590.0,1218161,0.0,0.0,1509.6733036291862,1460.4188709818548,49.25443264733144,2023-12-12 00:00:00
1625.0,1740.0,1615.0,1725.0,2503393,0.0,0.0,1542.8004876862346,1480.017473131347,62.783014554887586,2023-12-13 00:00:00
1740.0,1765.0,1675.0,1685.0,1452505,0.0,0.0,1564.6773357345062,1495.2013640105065,69.47597172399969,2023-12-14 00:00:00
1700.0,1710.0,1630.0,1635.0,800996,0.0,0.0,1575.4962071599666,1505.5568185282468,69.9393886317198,2023-12-15 00:00:00
1620.0,1670.0,1615.0,1640.0,564191,0.0,0.0,1585.4198675968948,1515.5155727113397,69.90429488555515,2023-12-18 00:00:00
1630.0,1650.0,1605.0,1645.0,485210,0.0,0.0,1594.5860418127572,1525.107011769759,69.47903004299815,2023-12-19 00:00:00
1650.0,1660.0,1620.0,1630.0,703063,0.0,0.0,1600.034343072333,1532.8768627497768,67.15748032255624,2023-12-20 00:00:00
1620.0,1690.0,1605.0,1680.0,763314,0.0,0.0,1612.3367518304358,1543.77487291646,68.56187891397576,2023-12-21 00:00:00
1710.0,1750.0,1695.0,1740.0,1422808,0.0,0.0,1631.9772515488303,1558.3100675152407,73.66718403358959,2023-12-22 00:00:00
1745.0,1795.0,1745.0,1755.0,756136,0.0,0.0,1650.9038282336255,1572.8796921437413,78.02413608988422,2023-12-25 00:00:00
1770.0,1810.0,1755.0,1785.0,941590,0.0,0.0,1671.5340085053754,1588.5923075405012,82.94170096487414,2023-12-26 00:00:00
1785.0,1825.0,1775.0,1810.0,1113368,0.0,0.0,1692.8364687353178,1604.992877352316,87.8435913830017,2023-12-27 00:00:00
1815.0,1835.0,1765.0,1795.0,896071,0.0,0.0,1708.5539350837305,1619.0674790299224,89.48645605380807,2023-12-28 00:00:00
1795.0,1815.0,1770.0,1815.0,526276,0.0,0.0,1724.9302527631567,1633.58099910178,91.34925366137668,2023-12-29 00:00:00
1815.0,1840.0,1740.0,1745.0,819099,0.0,0.0,1728.0179061842096,1641.8342584275742,86.18364775663531,2024-01-02 00:00:00
1725.0,1730.0,1645.0,1660.0,1349200,0.0,0.0,1717.5536129251004,1643.1798689144207,74.37374401067973,2024-01-03 00:00:00
1670.0,1700.0,1620.0,1650.0,1264153,0.0,0.0,1707.160749398162,1643.6850638096487,63.475685588513215,2024-01-04 00:00:00
1710.0,1755.0,1675.0,1730.0,2335195,0.0,0.0,1710.674480259983,1650.0787627867116,60.59571747327141,2024-01-05 00:00:00
1775.0,1775.0,1725.0,1775.0,1070161,0.0,0.0,1720.5707140661395,1659.3321877654737,61.23852630066585,2024-01-08 00:00:00
1805.0,1870.0,1765.0,1860.0,1680698,0.0,0.0,1742.0213734405797,1674.1964701532165,67.82490328736321,2024-01-09 00:00:00
1860.0,1910.0,1850.0,1910.0,1329533,0.0,0.0,1767.864239065106,1691.6633982900153,76.20084077509068,2024-01-10 00:00:00
1915.0,1935.0,1875.0,1910.0,1481513,0.0,0.0,1789.7312792089358,1707.8364798981622,81.89479931077358,2024-01-11 00:00:00
1900.0,1900.0,1825.0,1840.0,963936,0.0,0.0,1797.4649285614073,1717.6263702760762,79.83855828533115,2024-01-12 00:00:00
1855.0,1970.0,1810.0,1955.0,1616183,0.0,0.0,1821.7010933981137,1735.2096021074778,86.49149129063585,2024-01-15 00:00:00
1915.0,1935.0,1850.0,1865.0,1172152,0.0,0.0,1828.3624636445577,1744.823705655072,83.5387579894857,2024-01-16 00:00:00
1880.0,1895.0,1845.0,1870.0,1243307,0.0,0.0,1834.7682384684717,1754.0960237546963,80.67221471377547,2024-01-17 00:00:00
1875.0,1900.0,1840.0,1885.0,637196,0.0,0.0,1842.4962017810146,1763.7926145876816,78.70358719333308,2024-01-18 00:00:00
1915.0,1970.0,1915.0,1920.0,1168367,0.0,0.0,1854.419863045474,1775.363532025631,79.0563310198429,2024-01-19 00:00:00
1820.0,1955.0,1800.0,1925.0,3091352,0.0,0.0,1865.2783456538625,1786.4477148385472,78.83063081531532,2024-01-22 00:00:00
1890.0,1970.0,1885.0,1895.0,2525333,0.0,0.0,1869.8509078609604,1794.4886248505068,75.36228301045367,2024-01-23 00:00:00
1915.0,1915.0,1820.0,1825.0,1435410,0.0,0.0,1862.9507681900434,1796.7487267134322,66.20204147661116,2024-01-24 00:00:00
1845.0,1880.0,1815.0,1820.0,1243082,0.0,0.0,1856.3429576992676,1798.4710432531779,57.871914446089704,2024-01-25 00:00:00
1795.0,1835.0,1755.0,1810.0,1303209,0.0,0.0,1849.2132718993803,1799.3250400492389,49.88823185014144,2024-01-26 00:00:00
1815.0,1850.0,1810.0,1835.0,805059,0.0,0.0,1847.026614684091,1801.9676296752211,45.05898500886997,2024-01-29 00:00:00
1860.0,1905.0,1845.0,1895.0,1336358,0.0,0.0,1854.4071355019232,1808.8589163659456,45.54821913597766,2024-01-30 00:00:00
1865.0,1865.0,1815.0,1860.0,1303711,0.0,0.0,1855.2675761939352,1812.647144783283,42.620431410652145,2024-01-31 00:00:00
1870.0,1955.0,1865.0,1940.0,1800215,0.0,0.0,1868.3033337025604,1822.080689614151,46.222644088409425,2024-02-01 00:00:00
1960.0,1995.0,1925.0,1940.0,1497431,0.0,0.0,1879.3335900560128,1830.815453346436,48.518136709576765,2024-02-02 00:00:00
1940.0,1955.0,1830.0,1875.0,1054308,0.0,0.0,1878.6668838935493,1834.0883827281816,44.5785011653677,2024-02-05 00:00:00
1925.0,1990.0,1925.0,1985.0,1576590,0.0,0.0,1895.0258248330033,1845.2670210446124,49.75880378839088,2024-02-15 00:00:00
2015.0,2015.0,1880.0,1885.0,1708858,0.0,0.0,1893.4833902433104,1848.2102046709374,45.273185572372995,2024-02-16 00:00:00
1950.0,2025.0,1925.0,2005.0,2513698,0.0,0.0,1910.6397917443396,1859.8242635842012,50.815528160138456,2024-02-19 00:00:00
2000.0,2155.0,2000.0,2140.0,2613894,0.0,0.0,1945.9259776298259,1880.5780218372233,65.34795579260253,2024-02-20 00:00:00
2100.0,2125.0,2055.0,2065.0,1015634,0.0,0.0,1964.245057994468,1894.2389091085402,70.00614888592781,2024-02-21 00:00:00
2120.0,2175.0,2080.0,2165.0,1484236,0.0,0.0,1995.1304336876267,1914.2952862116113,80.83514747601544,2024-02-22 00:00:00
2190.0,2285.0,2185.0,2280.0,1847218,0.0,0.0,2038.956520812607,1941.3845242700104,97.57199654259671,2024-02-23 00:00:00
2290.0,2295.0,2230.0,2250.0,761239,0.0,0.0,2071.424748379898,1964.2449298796394,107.17981850025876,2024-02-26 00:00:00
2285.0,2365.0,2230.0,2250.0,1926436,0.0,0.0,2098.89786401376,1985.4119721107772,113.48589190298298,2024-02-27 00:00:00
2275.0,2370.0,2245.0,2355.0,1053323,0.0,0.0,2138.2981926270277,2012.7888630655343,125.50932956149336,2024-02-29 00:00:00
2365.0,2415.0,2325.0,2375.0,1018161,0.0,0.0,2174.7138552997926,2039.6193176532724,135.09453764652017,2024-03-01 00:00:00
2305.0,2410.0,2270.0,2390.0,1222351,0.0,0.0,2207.834800638286,2065.5734422715486,142.26135836673757,2024-03-04 00:00:00
2425.0,2425.0,2350.0,2425.0,677317,0.0,0.0,2241.244831309319,2092.1976317329154,149.04719957640373,2024-03-05 00:00:00
2390.0,2415.0,2360.0,2365.0,471143,0.0,0.0,2260.2840880309623,2112.405214567514,147.87887346344814,2024-03-06 00:00:00
2390.0,2400.0,2245.0,2255.0,1155299,0.0,0.0,2259.4711514108144,2122.967791266217,136.50336014459754,2024-03-07 00:00:00
2270.0,2285.0,2135.0,2190.0,1069424,0.0,0.0,2248.783281962997,2127.933140061312,120.85014190168522,2024-03-08 00:00:00
2180.0,2300.0,2155.0,2290.0,878256,0.0,0.0,2255.124315507151,2139.9380926493627,115.18622285778838,2024-03-11 00:00:00
2345.0,2390.0,2270.0,2290.0,1205063,0.0,0.0,2260.489805429128,2151.053789490151,109.4360159389771,2024-03-12 00:00:00
2335.0,2345.0,2200.0,2210.0,635104,0.0,0.0,2252.722143055416,2155.4201754538435,97.30196760157241,2024-03-13 00:00:00
2220.0,2300.0,2095.0,2260.0,773202,0.0,0.0,2253.841813354583,2163.1668291239293,90.67498423065354,2024-03-14 00:00:00
2235.0,2350.0,2235.0,2260.0,707122,0.0,0.0,2254.789226684647,2170.339656596231,84.44957008841584,2024-03-15 00:00:00
2270.0,2320.0,2250.0,2300.0,475066,0.0,0.0,2261.7447302716246,2179.9441264779916,81.80060379363294,2024-03-18 00:00:00
2285.0,2320.0,2210.0,2235.0,706284,0.0,0.0,2257.6301563836823,2184.0223393314736,73.6078170522087,2024-03-19 00:00:00
2245.0,2270.0,2195.0,2200.0,535121,0.0,0.0,2248.7639784785006,2185.2058697513644,63.55810872713619,2024-03-20 00:00:00
2225.0,2260.0,2185.0,2195.0,467021,0.0,0.0,2240.492597174116,2185.931360880893,54.56123629322292,2024-03-21 00:00:00
2195.0,2210.0,2165.0,2190.0,366222,0.0,0.0,2232.724505301175,2186.2327415563823,46.491763744792934,2024-03-22 00:00:00
2255.0,2405.0,2230.0,2325.0,1615168,0.0,0.0,2246.9207352548406,2196.511797737391,50.40893751744943,2024-03-25 00:00:00
2340.0,2440.0,2220.0,2295.0,1586101,0.0,0.0,2254.3175452156343,2203.8072201272144,50.510325088419904,2024-03-26 00:00:00
2295.0,2385.0,2205.0,2230.0,1239144,0.0,0.0,2250.576384413229,2205.747426043717,44.82895836951184,2024-03-27 00:00:00
2250.0,2320.0,2230.0,2310.0,1148116,0.0,0.0,2259.718479118886,2213.4698389293676,46.24864018951848,2024-03-28 00:00:00
2360.0,2480.0,2335.0,2365.0,1529000,0.0,0.0,2275.915636177519,2224.69429530497,51.22134087254881,2024-03-29 00:00:00
2415.0,2465.0,2375.0,2465.0,801453,0.0,0.0,2305.0055383040544,2242.4947178749726,62.51082042908183,2024-04-01 00:00:00
2450.0,2550.0,2440.0,2535.0,1367168,0.0,0.0,2340.3893016418924,2264.1617758101597,76.22752583173269,2024-04-02 00:00:00
2460.0,2550.0,2440.0,2550.0,689493,0.0,0.0,2372.6371013892935,2285.3349776019995,87.30212378729402,2024-04-03 00:00:00
2535.0,2570.0,2490.0,2515.0,668104,0.0,0.0,2394.5390857909406,2302.347201483333,92.19188430760778,2024-04-08 00:00:00
2520.0,2520.0,2300.0,2390.0,1206107,0.0,0.0,2393.840764900027,2308.8400013734563,85.00076352657061,2024-04-09 00:00:00
2375.0,2400.0,2280.0,2315.0,941252,0.0,0.0,2381.711416453869,2309.296297568015,72.4151188858541,2024-04-10 00:00:00
2345.0,2415.0,2330.0,2335.0,1325062,0.0,0.0,2374.5250446917353,2311.2002755259396,63.324769165795715,2024-04-11 00:00:00
2365.0,2365.0,2200.0,2245.0,1245068,0.0,0.0,2354.598114739161,2306.296551412907,48.30156332625393,2024-04-12 00:00:00
2235.0,2270.0,2190.0,2195.0,566601,0.0,0.0,2330.0445586254436,2298.0523624193584,31.992196206085282,2024-04-15 00:00:00
2135.0,2175.0,2085.0,2090.0,1024501,0.0,0.0,2293.1146265292214,2282.6410763142208,10.473550215000614,2024-04-16 00:00:00
2105.0,2140.0,2065.0,2070.0,610050,0.0,0.0,2258.7892993708797,2266.8898854761305,-8.10058610525084,2024-04-17 00:00:00
2030.0,2085.0,1985.0,2045.0,742042,0.0,0.0,2225.898637929206,2250.4535976630837,-24.554959733877695,2024-04-18 00:00:00
2040.0,2045.0,1890.0,1920.0,1018060,0.0,0.0,2178.8373090170203,2225.975553391744,-47.138244374723854,2024-04-19 00:00:00
1940.0,1940.0,1795.0,1815.0,1018132,0.0,0.0,2122.862338399017,2195.5329198071704,-72.67058140815334,2024-04-22 00:00:00
1840.0,1870.0,1760.0,1815.0,1079033,0.0,0.0,2075.498901722245,2167.3452961177504,-91.84639439550529,2024-04-23 00:00:00
1890.0,1990.0,1890.0,1960.0,1089336,0.0,0.0,2057.729839918823,2151.9863852942135,-94.25654537539049,2024-04-24 00:00:00
1895.0,1930.0,1820.0,1835.0,1282345,0.0,0.0,2023.4637107005426,2128.505912309457,-105.04220160891441,2024-04-25 00:00:00
1885.0,1960.0,1820.0,1905.0,1142191,0.0,0.0,2005.2385244389206,2111.9499188050527,-106.71139436613203,2024-04-26 00:00:00
1965.0,1990.0,1920.0,1945.0,690138,0.0,0.0,1995.9710591406251,2099.5832581528266,-103.61219901220147,2024-04-29 00:00:00
1945.0,1960.0,1910.0,1950.0,501230,0.0,0.0,1988.8985885036059,2088.503016808173,-99.60442830456714,2024-04-30 00:00:00
1930.0,2010.0,1925.0,1980.0,773087,0.0,0.0,1987.5295748876665,2080.465756303864,-92.93618141619754,2024-05-02 00:00:00
2075.0,2090.0,2025.0,2035.0,887138,0.0,0.0,1994.832717212641,2077.097922503578,-82.26520529093705,2024-05-03 00:00:00
2060.0,2060.0,1900.0,1905.0,825033,0.0,0.0,1981.012299179927,2064.349928244054,-83.33762906412699,2024-05-06 00:00:00
1900.0,1905.0,1810.0,1840.0,1394214,0.0,0.0,1959.318099306092,2047.7314150407906,-88.41331573469847,2024-05-07 00:00:00
1845.0,1930.0,1825.0,1910.0,622206,0.0,0.0,1951.7306994128471,2037.5290880007321,-85.79838858788503,2024-05-08 00:00:00
1930.0,1965.0,1815.0,1820.0,1017033,0.0,0.0,1931.4644379647168,2021.4158222229,-89.95138425818323,2024-05-09 00:00:00
1870.0,1935.0,1835.0,1860.0,997209,0.0,0.0,1920.469909047068,2009.4590946508333,-88.98918560376524,2024-05-10 00:00:00
1875.0,1885.0,1820.0,1830.0,468031,0.0,0.0,1906.5514615013653,1996.1658283804013,-89.61436687903597,2024-05-13 00:00:00
1880.0,1990.0,1860.0,1970.0,1621450,0.0,0.0,1916.3127751165398,1994.227618870742,-77.91484375420214,2024-05-14 00:00:00
2005.0,2015.0,1905.0,1925.0,981151,0.0,0.0,1917.6492712524569,1989.099647102539,-71.45037585008208,2024-05-15 00:00:00
1975.0,1990.0,1925.0,1950.0,759052,0.0,0.0,1922.6263064443865,1986.2033769467953,-63.57707050240879,2024-05-16 00:00:00
1985.0,1985.0,1925.0,1935.0,364044,0.0,0.0,1924.5299516067885,1982.4105342099956,-57.88058260320713,2024-05-17 00:00:00
1935.0,1970.0,1900.0,1915.0,528038,0.0,0.0,1923.0638052057443,1977.4171613055514,-54.353356099807115,2024-05-20 00:00:00
1915.0,1920.0,1855.0,1870.0,597075,0.0,0.0,1914.9001428663992,1969.4603345421772,-54.560191675778015,2024-05-21 00:00:00
1900.0,1905.0,1855.0,1870.0,473412,0.0,0.0,1907.9924285792608,1962.0929023538677,-54.100473774606826,2024-05-22 00:00:00
1875.0,1910.0,1845.0,1900.0,606536,0.0,0.0,1906.7628241824516,1957.493428105433,-50.730603922981345,2024-05-23 00:00:00
1870.0,1990.0,1865.0,1960.0,894575,0.0,0.0,1914.953158923613,1957.6791000976232,-42.72594117401013,2024-05-24 00:00:00
2010.0,2035.0,1960.0,1960.0,789022,0.0,0.0,1921.883442166134,1957.8510186089104,-35.96757644277636,2024-05-27 00:00:00
1980.0,2125.0,1975.0,2125.0,1638686,0.0,0.0,1953.1321433713442,1970.23242463788,-17.10028126653583,2024-05-28 00:00:00
2075.0,2195.0,2065.0,2085.0,2346287,0.0,0.0,1973.419505929599,1978.7337265165554,-5.3142205869564805,2024-05-29 00:00:00
2040.0,2075.0,1985.0,2045.0,1296112,0.0,0.0,1984.4318896327377,1983.642339367181,0.789550265556727,2024-05-30 00:00:00
2030.0,2060.0,2000.0,2000.0,766499,0.0,0.0,1986.8269835353935,1984.854017932575,1.9729656028184763,2024-05-31 00:00:00
2030.0,2110.0,2025.0,2065.0,728178,0.0,0.0,1998.8536014530255,1990.790757344977,8.062844108048466,2024-06-03 00:00:00
2035.0,2055.0,1970.0,1980.0,767368,0.0,0.0,1995.9530473833292,1989.99144198609,5.961605397239282,2024-06-04 00:00:00
1985.0,2005.0,1935.0,1995.0,573084,0.0,0.0,1995.8064247089708,1990.3624462834166,5.443978425554178,2024-06-05 00:00:00
2040.0,2095.0,2015.0,2025.0,633326,0.0,0.0,2000.2977439845135,1992.9281910031634,7.369552981350125,2024-06-06 00:00:00
2020.0,2025.0,1980.0,1985.0,374190,0.0,0.0,1997.9442449099731,1992.3409175955217,5.603327314451462,2024-06-07 00:00:00
2020.0,2075.0,2000.0,2045.0,1003614,0.0,0.0,2005.1835918469005,1996.2415903662238,8.942001480676709,2024-06-11 00:00:00
2045.0,2060.0,1990.0,2000.0,680408,0.0,0.0,2004.3861161781465,1996.519991079837,7.866125098309567,2024-06-12 00:00:00
2030.0,2065.0,1990.0,2045.0,896126,0.0,0.0,2010.6344059968933,2000.111102851701,10.523303145192358,2024-06-13 00:00:00
2045.0,2245.0,2045.0,2210.0,1949674,0.0,0.0,2041.306035843525,2015.6584285663898,25.647607277135194,2024-06-14 00:00:00
2200.0,2260.0,2175.0,2210.0,878123,0.0,0.0,2067.25895340606,2030.054100524435,37.2048528816249,2024-06-17 00:00:00
2245.0,2295.0,2225.0,2250.0,1255101,0.0,0.0,2095.3729605743583,2046.346389374477,49.026571199881346,2024-06-18 00:00:00
2270.0,2415.0,2235.0,2365.0,1827679,0.0,0.0,2136.854043562919,2069.9503605319233,66.90368303099558,2024-06-19 00:00:00
2350.0,2415.0,2285.0,2310.0,1317160,0.0,0.0,2163.4918830147776,2087.7318153073365,75.76006770744107,2024-06-20 00:00:00
2310.0,2340.0,2180.0,2190.0,1108210,0.0,0.0,2167.570054858658,2095.307236395682,72.2628184629757,2024-06-21 00:00:00
2175.0,2175.0,2050.0,2050.0,985545,0.0,0.0,2149.482354111172,2091.951144810817,57.53120930035493,2024-06-24 00:00:00
2070.0,2120.0,2030.0,2090.0,818161,0.0,0.0,2140.331222709453,2091.8066155655715,48.52460714388144,2024-06-25 00:00:00
2125.0,2225.0,2125.0,2220.0,1215587,0.0,0.0,2152.5879576772295,2101.3024218199735,51.285535857256036,2024-06-26 00:00:00
2205.0,2215.0,2135.0,2150.0,512445,0.0,0.0,2152.1898103422714,2104.909649833309,47.28016050896258,2024-06-27 00:00:00
2185.0,2270.0,2170.0,2240.0,1000303,0.0,0.0,2165.699070289614,2114.916342438249,50.78272785136505,2024-06-28 00:00:00
2235.0,2235.0,2155.0,2170.0,620153,0.0,0.0,2166.36075178352,2118.9966133687494,47.36413841477042,2024-07-01 00:00:00
2150.0,2170.0,2060.0,2085.0,766094,0.0,0.0,2153.8437130475936,2116.478345711805,37.365367335788505,2024-07-02 00:00:00
2115.0,2145.0,2045.0,2115.0,949177,0.0,0.0,2147.8677571941175,2116.368838622042,31.49891857207558,2024-07-03 00:00:00
2100.0,2115.0,1985.0,2000.0,1783801,0.0,0.0,2125.1188714719456,2107.748924650039,17.369946821906524,2024-07-04 00:00:00
1995.0,2015.0,1975.0,1975.0,939144,0.0,0.0,2102.0236604762617,2097.9156709722583,4.107989504003399,2024-07-05 00:00:00
1975.0,2020.0,1880.0,1895.0,1653171,0.0,0.0,2070.173866556837,2082.884880529869,-12.711013973032095,2024-07-08 00:00:00
1900.0,1945.0,1895.0,1935.0,881173,0.0,0.0,2049.3778870865544,2071.930444935064,-22.552557848509423,2024-07-09 00:00:00
1935.0,1950.0,1905.0,1930.0,652379,0.0,0.0,2031.0120583040075,2061.4170786435775,-30.40502033957,2024-07-10 00:00:00
1870.0,2020.0,1870.0,2020.0,1415595,0.0,0.0,2029.3178954880063,2058.3491468922016,-29.031251404195245,2024-07-11 00:00:00
1980.0,2020.0,1895.0,1900.0,1001289,0.0,0.0,2009.4228346436978,2046.6195804557422,-37.196745812044355,2024-07-12 00:00:00
1910.0,1930.0,1855.0,1860.0,880404,0.0,0.0,1986.434706236975,2032.795907829391,-46.36120159241591,2024-07-15 00:00:00
1865.0,1915.0,1840.0,1890.0,673061,0.0,0.0,1971.5985975851327,2022.218433175362,-50.619835590229286,2024-07-16 00:00:00
1885.0,1925.0,1870.0,1875.0,684155,0.0,0.0,1956.7372748797275,2011.313364051261,-54.57608917153357,2024-07-17 00:00:00
1830.0,1860.0,1775.0,1825.0,1272246,0.0,0.0,1936.4700018213077,1997.512374121538,-61.04237230023023,2024-07-18 00:00:00
1815.0,1865.0,1790.0,1790.0,672730,0.0,0.0,1913.9361553872604,1982.1410871495723,-68.20493176231184,2024-07-19 00:00:00
1780.0,1780.0,1615.0,1665.0,1718616,0.0,0.0,1875.6382853276818,1958.6491547681223,-83.0108694404405,2024-07-22 00:00:00
1720.0,1760.0,1650.0,1660.0,989055,0.0,0.0,1842.4631645080385,1936.5269951556688,-94.06383064763031,2024-07-23 00:00:00
1540.0,1625.0,1525.0,1615.0,1080105,0.0,0.0,1807.468831506802,1912.7101806996934,-105.24134919289145,2024-07-26 00:00:00
